filename,size,sha256
12FLIGHT.MDS,24900,d43b25cfad265048823d027fd57fdb25822215838850bd8a283395b3fadda4a5
ACKER-GS.MDS,83012,10bf80cc163386287349abfbc683fface15d1448e5ca3b59b7492d6d815541ef
AO-LASER.WAV,790,4a3d46ab4fdf7d8cec2be71e60c49dccc687422b9e491df6c458730394b91ce1
BANG.WAV,9720,a80310b3eb4f592fb9e66bc383f1f096f84c27041134bb086cdb844a1bc76ba1
BASSDRUM.WAV,2108,9e54e97170a0910ad5c2c41009cbbd3bacbf611b05b5acd343602bc64f1dd2ab
BIGBOLT.PCX,21122,8a366dcd8e9f6ca77db17d28da028a5f2a74df32058acceac144324b6446f77e
BOING.WAV,4040,58ed83e2d1b9c54e0f44ecceebbee4218bb561b896fb7e548418f6d6d78201cf
BRAIN.MDS,79100,70b49e649b16378c2ee4fbfbdb64a88d0b9774c38ac5fc50f825703876bd8685
BYEBALL.WAV,4804,dddb24e0eaed89e2efbf30b495c1365e7d0ed71dd30ee5309ec92c6cd1aca925
CANDY.SBK,10525,2a6bfd1c4ec8ba5219a267af772dc2166c88f1bd9ecece009e493d34e8b9d9c6
CHISEL2.SBK,46223,03d40dec1f35f5eb9c1c00c64fe2db2bd017d757acb436c20936d2880d078074
DEFAULT.BDS,20000,f2d055c7a6a43815dc8d4e9387770ee6e966587b4c802b32dbb693ce35a73f30
DXBALL.EXE,158208,756da1ba09edce716d5bf8770320ca0d5ed4e525672b6bb605b9bdb4b88972ba
EFFECT.WAV,2644,304c2f92207484228e50a0c8916b32fe70c5b2003cd65800ceb15836282a44ad
EFFECT2.WAV,6110,10f7afcc2e3fd3829e9f046ea7fd941011fe145c05642c8ded70b761c9c65bba
ETHNO_PA.MDS,65852,10651c405ed8f506ebdcc301c1f0eceadd154105d4069915ad67d2a2d95ca709
FANFARE.WAV,3626,d21d1f4e86cbda2e4124302ec995280abc5763618e477970a3ef39c8511ce411
FREEBEE.MDS,139364,3fa90c931b71cdae7c118ead3b677efb959f3f34cbde0efdcc0e8628f4c91b4c
GLASS.WAV,6352,477d979a84b64fd1fb22608107af51f148d76831dfa556930fec29373db970dd
GMFIGARO.MDS,113884,812b595a7b72c6e0288d2fb664558acf01f1f6fbb18ec7770f01383859f13854
GUNFIRE.WAV,1950,1d43c5612b0bbe2105518dfd1a1d77fff1dc8ba2ec7293189489874fa22cba94
HIGHSCOR.PCX,32847,c4f8d49771bff3080d4d0f83694d67a6d82decd7217611ce368ba1de110a489f
HUMM.WAV,1268,184d26eca57749ce4ed07c3046abf1631967adba30fe5c33e5735e3209287bd2
INSTALL.LOG,2315,d86df8e48ded1863a8cd6ef6a58aa2560955d606ec1b523659de795098b691c0
INTRO.PCX,32301,da0171441641a4606f2ec55df10f26ab12f25df416ee13bf87ef9822cecfe583
MAINMENU.PCX,41612,5df3aed4062fe7ef550d5d2b1c9caa72553c50f6298629ad8d7e5bd21a655d3b
MAINMENU.SBK,2786,87614d0d96783555c11247bd8bd0c84dbdc2343e348949ec6c5db304dc59c732
MBALL2.SBK,319503,048957e244786d13b6d1a00d2bd7ab3e7379f9bd3f52bb857e77377913fb2f35
MBBKGRND.PCX,28701,969d92303ad63393454f8f8bd2148ab17702c3f2e6a2de7d03309516b1fabf7a
ORCHBLAS.WAV,8390,90b29d4a4b15647614606e68ed1bd6783706b83e551d3565f6c78419ff0bf04d
ORCHESTR.WAV,8070,7f39f1d50fb6c57156722c19ea13a76bd24a9146f2c5a2eb684ec8f4641a2135
PADEXPLO.WAV,5170,54d7adfe5307bd7fb7d1049ffc9b16f146f2c4163b7a9ee463e533a90afb0ab9
PEOW!.WAV,1784,acd0e6c4de0306253471908a483af826e344f41f03d0f16bf91aaf0bda7f4de9
README.TXT,5175,8b3ff5eac8d372cdfc8f590cb0662520a32a9e880f5731f5ad2b1d3ef40ae611
RICOCHET.WAV,3320,b5f16f18d7e44a07ae1dcca54b6480b6ff20ad2bf4d9946eb14b3d552be8d75e
SAUCER.WAV,790,009336fdeed90f8f2e5f8708d6fab03c90b51faebb53036c743f83245f9fb257
SCORE.DAT,660,6d214c07e23ecdab8e57476941823c01749f2857b64801deafcba3452487f6a4
SFONT.SBK,3251,5e2b3dd5e67f0be6ed4a9f7dc899ca65bab41abd2212b1ea5608e152beb09e43
SWEEPDOW.WAV,4222,2e3794feb09274ebd2131dd83c9193e5f85b3d223fe037234740b25eac531040
SWORDSWI.WAV,718,b97155d76c09e20e651340a360abee7b94887feff0647283b25b2bb92f0b5511
SYSFONT.SBK,8085,eb9c0e4c4c6d0a4b1e470549cba1e52b8f1fa30679975c0fe5fd158d9a509904
TANK.WAV,3366,cf0d0e354141e3e39bf2336202c9fe32d29577c7791d64af2a7c51ea1885e1b1
THEFONT.SBK,34737,002451e7673d247a795bd72a2140c7a7a93eac002f03099a4f800af4da9ef006
THUDCLAP.WAV,65568,dfba84611578984b0eb142702662d5c065773ad90696e02d2642d7560ebeaa95
VOLTAGE.WAV,42256,ebeb207e96f2feb681eff79480f3aaac85e698db1b7e3ca5c77e00b35875d8f7
WHINE.WAV,132286,b64c939f39b41a4aee4d7ebb188965e8e7dbbbd92cee1f520f496dd824aa3420
WOWPULSE.WAV,378,bb87c3c17434e7447185828210e1577fec323287c33a58c0ec92a252cc47e3d9
XPLOSHOR.WAV,2472,8829b46b9f0fa6901de8d9332ea1f7c0477cbb3aba6e34499bfedadd6f4eb6e0
XPLOSHT1.WAV,3064,073000dc9898dcb5469d77bbdd6309cb98ec46bbdbb2499facb95aabfe710c31
