address,origin,subsystem,disposition,confidence,evidence_id
0x00401000,unknown,,review,unknown,ghidra-12.1.3-initial-inventory
0x00401210,unknown,,review,unknown,ghidra-12.1.3-initial-inventory
0x00401580,unknown,,review,unknown,ghidra-12.1.3-initial-inventory
0x004016E0,unknown,,review,unknown,ghidra-12.1.3-initial-inventory
0x00401780,unknown,,review,unknown,ghidra-12.1.3-initial-inventory
0x00401990,unknown,,review,unknown,ghidra-12.1.3-initial-inventory
0x00401A20,unknown,,review,unknown,ghidra-12.1.3-initial-inventory
0x00401B10,unknown,,review,unknown,ghidra-12.1.3-initial-inventory
0x00401B90,unknown,,review,unknown,ghidra-12.1.3-initial-inventory
0x00401C90,unknown,,review,unknown,ghidra-12.1.3-initial-inventory
0x00401CE0,unknown,,review,unknown,ghidra-12.1.3-initial-inventory
0x00401D30,unknown,,review,unknown,ghidra-12.1.3-initial-inventory
0x00401DA0,unknown,,review,unknown,ghidra-12.1.3-initial-inventory
0x00401E10,unknown,,review,unknown,ghidra-12.1.3-initial-inventory
0x00401EB0,unknown,,review,unknown,ghidra-12.1.3-initial-inventory
0x00401F20,unknown,,review,unknown,ghidra-12.1.3-initial-inventory
0x00401F90,unknown,,review,unknown,ghidra-12.1.3-initial-inventory
0x00402040,unknown,,review,unknown,ghidra-12.1.3-initial-inventory
0x004020E0,unknown,,review,unknown,ghidra-12.1.3-initial-inventory
0x00402100,unknown,,review,unknown,ghidra-12.1.3-initial-inventory
0x00402250,unknown,,review,unknown,ghidra-12.1.3-initial-inventory
0x00402340,unknown,,review,unknown,ghidra-12.1.3-initial-inventory
0x004023A0,unknown,,review,unknown,ghidra-12.1.3-initial-inventory
0x00402400,unknown,,review,unknown,ghidra-12.1.3-initial-inventory
0x00402490,unknown,,review,unknown,ghidra-12.1.3-initial-inventory
0x00402520,unknown,,review,unknown,ghidra-12.1.3-initial-inventory
0x00402560,unknown,,review,unknown,ghidra-12.1.3-initial-inventory
0x004025A0,unknown,,review,unknown,ghidra-12.1.3-initial-inventory
0x00402610,unknown,,review,unknown,ghidra-12.1.3-initial-inventory
0x004026A0,unknown,,review,unknown,ghidra-12.1.3-initial-inventory
0x00402CD0,unknown,,review,unknown,ghidra-12.1.3-initial-inventory
0x00402DE0,unknown,,review,unknown,ghidra-12.1.3-initial-inventory
0x00402EA0,unknown,,review,unknown,ghidra-12.1.3-initial-inventory
0x00402FB0,unknown,,review,unknown,ghidra-12.1.3-initial-inventory
0x00403070,unknown,,review,unknown,ghidra-12.1.3-initial-inventory
0x00403230,unknown,,review,unknown,ghidra-12.1.3-initial-inventory
0x00403290,unknown,,review,unknown,ghidra-12.1.3-initial-inventory
0x00403320,unknown,,review,unknown,ghidra-12.1.3-initial-inventory
0x00403450,unknown,,review,unknown,ghidra-12.1.3-initial-inventory
0x004034F0,unknown,,review,unknown,ghidra-12.1.3-initial-inventory
0x00403550,unknown,,review,unknown,ghidra-12.1.3-initial-inventory
0x004035B0,unknown,,review,unknown,ghidra-12.1.3-initial-inventory
0x00403640,unknown,,review,unknown,ghidra-12.1.3-initial-inventory
0x004036B0,unknown,,review,unknown,ghidra-12.1.3-initial-inventory
0x00403730,unknown,,review,unknown,ghidra-12.1.3-initial-inventory
0x00403820,unknown,,review,unknown,ghidra-12.1.3-initial-inventory
0x004038D0,unknown,,review,unknown,ghidra-12.1.3-initial-inventory
0x00403950,unknown,,review,unknown,ghidra-12.1.3-initial-inventory
0x00403A00,unknown,,review,unknown,ghidra-12.1.3-initial-inventory
0x00403B70,unknown,,review,unknown,ghidra-12.1.3-initial-inventory
0x00403B90,unknown,,review,unknown,ghidra-12.1.3-initial-inventory
0x00403BD0,unknown,,review,unknown,ghidra-12.1.3-initial-inventory
0x00403C20,unknown,,review,unknown,ghidra-12.1.3-initial-inventory
0x00403CB0,unknown,,review,unknown,ghidra-12.1.3-initial-inventory
0x00403D30,unknown,,review,unknown,ghidra-12.1.3-initial-inventory
0x00403E50,authored,boards,reconstruct,high,board-owner-producers-consumers
0x00403E70,authored,resources,reconstruct,high,resource-owner-producers-consumers
0x00403E90,authored,resources,reconstruct,high,resource-owner-producers-consumers
0x00403EB0,unknown,,review,unknown,ghidra-12.1.3-initial-inventory
0x00403F70,authored,resources,reconstruct,high,resource-owner-producers-consumers
0x00404040,authored,resources,reconstruct,high,resource-owner-producers-consumers
0x004040B0,authored,resources,reconstruct,high,resource-owner-producers-consumers
0x00404180,authored,resources,reconstruct,high,resource-owner-producers-consumers
0x004041F0,authored,resources,reconstruct,high,resource-owner-producers-consumers
0x00404280,unknown,,review,unknown,ghidra-12.1.3-initial-inventory
0x004042B0,authored,resources,reconstruct,high,resource-owner-producers-consumers
0x00404610,authored,resources,reconstruct,high,resource-owner-producers-consumers
0x00404BE0,authored,resources,reconstruct,high,resource-owner-producers-consumers
0x00404CF0,authored,resources,reconstruct,high,resource-owner-producers-consumers
0x00404E40,authored,resources,reconstruct,high,resource-owner-producers-consumers
0x00404EE0,unknown,,review,unknown,ghidra-12.1.3-initial-inventory
0x00404F80,unknown,,review,unknown,ghidra-12.1.3-initial-inventory
0x00404FD0,unknown,,review,unknown,ghidra-12.1.3-initial-inventory
0x004050F0,unknown,,review,unknown,ghidra-12.1.3-initial-inventory
0x00405120,unknown,,review,unknown,ghidra-12.1.3-initial-inventory
0x004057D0,unknown,,review,unknown,ghidra-12.1.3-initial-inventory
0x004058B0,unknown,,review,unknown,ghidra-12.1.3-initial-inventory
0x004058F0,unknown,,review,unknown,ghidra-12.1.3-initial-inventory
0x00405990,unknown,,review,unknown,ghidra-12.1.3-initial-inventory
0x00405C50,unknown,,review,unknown,ghidra-12.1.3-initial-inventory
0x00405D80,unknown,,review,unknown,ghidra-12.1.3-initial-inventory
0x00405EB0,unknown,,review,unknown,ghidra-12.1.3-initial-inventory
0x00405EF0,unknown,,review,unknown,ghidra-12.1.3-initial-inventory
0x00405FA0,unknown,,review,unknown,ghidra-12.1.3-initial-inventory
0x00406040,unknown,,review,unknown,ghidra-12.1.3-initial-inventory
0x004060E0,unknown,,review,unknown,ghidra-12.1.3-initial-inventory
0x00406180,unknown,,review,unknown,ghidra-12.1.3-initial-inventory
0x00406270,unknown,,review,unknown,ghidra-12.1.3-initial-inventory
0x00406290,unknown,,review,unknown,ghidra-12.1.3-initial-inventory
0x004063A0,unknown,,review,unknown,ghidra-12.1.3-initial-inventory
0x00406400,authored,gameplay,reconstruct,high,ev_ddca58134d89a2eb0aba5bf5694bb06ce7b5cb28aac0eb847891506244e70490
0x00406440,unknown,,review,unknown,ghidra-12.1.3-initial-inventory
0x00406590,unknown,,review,unknown,ghidra-12.1.3-initial-inventory
0x00406730,unknown,,review,unknown,ghidra-12.1.3-initial-inventory
0x004069F0,unknown,,review,unknown,ghidra-12.1.3-initial-inventory
0x00406B20,unknown,,review,unknown,ghidra-12.1.3-initial-inventory
0x00406CC0,unknown,,review,unknown,ghidra-12.1.3-initial-inventory
0x00406D20,unknown,,review,unknown,ghidra-12.1.3-initial-inventory
0x00406EE0,unknown,,review,unknown,ghidra-12.1.3-initial-inventory
0x004071C0,unknown,,review,unknown,ghidra-12.1.3-initial-inventory
0x00407370,unknown,,review,unknown,ghidra-12.1.3-initial-inventory
0x00407420,unknown,,review,unknown,ghidra-12.1.3-initial-inventory
0x004075D0,unknown,,review,unknown,ghidra-12.1.3-initial-inventory
0x00407990,unknown,,review,unknown,ghidra-12.1.3-initial-inventory
0x00407AB0,unknown,,review,unknown,ghidra-12.1.3-initial-inventory
0x00407AE0,unknown,,review,unknown,ghidra-12.1.3-initial-inventory
0x00407BA0,unknown,,review,unknown,ghidra-12.1.3-initial-inventory
0x00407C90,unknown,,review,unknown,ghidra-12.1.3-initial-inventory
0x00407D80,unknown,,review,unknown,ghidra-12.1.3-initial-inventory
0x00407EF0,unknown,,review,unknown,ghidra-12.1.3-initial-inventory
0x00408070,unknown,,review,unknown,ghidra-12.1.3-initial-inventory
0x00408180,unknown,,review,unknown,ghidra-12.1.3-initial-inventory
0x004082F0,unknown,,review,unknown,ghidra-12.1.3-initial-inventory
0x00408460,unknown,,review,unknown,ghidra-12.1.3-initial-inventory
0x004085D0,unknown,,review,unknown,ghidra-12.1.3-initial-inventory
0x00408740,unknown,,review,unknown,ghidra-12.1.3-initial-inventory
0x00408880,unknown,,review,unknown,ghidra-12.1.3-initial-inventory
0x00408990,unknown,,review,unknown,ghidra-12.1.3-initial-inventory
0x00408A50,unknown,,review,unknown,ghidra-12.1.3-initial-inventory
0x00408B70,unknown,,review,unknown,ghidra-12.1.3-initial-inventory
0x00408CC0,unknown,,review,unknown,ghidra-12.1.3-initial-inventory
0x00409000,unknown,,review,unknown,ghidra-12.1.3-initial-inventory
0x00409020,unknown,,review,unknown,ghidra-12.1.3-initial-inventory
0x00409040,unknown,,review,unknown,ghidra-12.1.3-initial-inventory
0x00409100,unknown,,review,unknown,ghidra-12.1.3-initial-inventory
0x004094E0,unknown,,review,unknown,ghidra-12.1.3-initial-inventory
0x00409610,unknown,,review,unknown,ghidra-12.1.3-initial-inventory
0x004096C0,unknown,,review,unknown,ghidra-12.1.3-initial-inventory
0x00409790,authored,resources,reconstruct,high,resource-owner-producers-consumers
0x004098F0,authored,resources,reconstruct,high,resource-owner-producers-consumers
0x00409A30,unknown,,review,unknown,ghidra-12.1.3-initial-inventory
0x00409BB0,authored,resources,reconstruct,high,resource-owner-producers-consumers
0x00409F10,unknown,,review,unknown,ghidra-12.1.3-initial-inventory
0x00409F70,unknown,,review,unknown,ghidra-12.1.3-initial-inventory
0x0040A340,unknown,,review,unknown,ghidra-12.1.3-initial-inventory
0x0040A880,unknown,,review,unknown,ghidra-12.1.3-initial-inventory
0x0040A970,unknown,,review,unknown,ghidra-12.1.3-initial-inventory
0x0040AA60,unknown,,review,unknown,ghidra-12.1.3-initial-inventory
0x0040AB20,unknown,,review,unknown,ghidra-12.1.3-initial-inventory
0x0040AB90,unknown,,review,unknown,ghidra-12.1.3-initial-inventory
0x0040B196,unknown,,review,unknown,ghidra-12.1.3-initial-inventory
0x0040B19F,unknown,,review,unknown,ghidra-12.1.3-initial-inventory
0x0040B1A8,unknown,,review,unknown,ghidra-12.1.3-initial-inventory
0x0040B1B1,unknown,,review,unknown,ghidra-12.1.3-initial-inventory
0x0040B1BA,unknown,,review,unknown,ghidra-12.1.3-initial-inventory
0x0040B1C3,unknown,,review,unknown,ghidra-12.1.3-initial-inventory
0x0040B1CC,unknown,,review,unknown,ghidra-12.1.3-initial-inventory
0x0040B1D5,unknown,,review,unknown,ghidra-12.1.3-initial-inventory
0x0040B1DE,unknown,,review,unknown,ghidra-12.1.3-initial-inventory
0x0040B1E7,unknown,,review,unknown,ghidra-12.1.3-initial-inventory
0x0040B1F0,unknown,,review,unknown,ghidra-12.1.3-initial-inventory
0x0040B1F9,unknown,,review,unknown,ghidra-12.1.3-initial-inventory
0x0040B202,unknown,,review,unknown,ghidra-12.1.3-initial-inventory
0x0040B20B,unknown,,review,unknown,ghidra-12.1.3-initial-inventory
0x0040B214,unknown,,review,unknown,ghidra-12.1.3-initial-inventory
0x0040B21D,unknown,,review,unknown,ghidra-12.1.3-initial-inventory
0x0040B230,unknown,,review,unknown,ghidra-12.1.3-initial-inventory
0x0040B240,unknown,,review,unknown,ghidra-12.1.3-initial-inventory
0x0040B260,unknown,,review,unknown,ghidra-12.1.3-initial-inventory
0x0040B280,unknown,,review,unknown,ghidra-12.1.3-initial-inventory
0x0040B2B0,unknown,,review,unknown,ghidra-12.1.3-initial-inventory
0x0040B2D0,unknown,,review,unknown,ghidra-12.1.3-initial-inventory
0x0040B359,unknown,,review,unknown,ghidra-12.1.3-initial-inventory
0x0040B362,unknown,,review,unknown,ghidra-12.1.3-initial-inventory
0x0040B375,unknown,,review,unknown,ghidra-12.1.3-initial-inventory
0x0040B390,unknown,,review,unknown,ghidra-12.1.3-initial-inventory
0x0040B3C0,unknown,,review,unknown,ghidra-12.1.3-initial-inventory
0x0040B41D,unknown,,review,unknown,ghidra-12.1.3-initial-inventory
0x0040B430,unknown,,review,unknown,ghidra-12.1.3-initial-inventory
0x0040B450,unknown,,review,unknown,ghidra-12.1.3-initial-inventory
0x0040B49A,unknown,,review,unknown,ghidra-12.1.3-initial-inventory
0x0040B4AD,unknown,,review,unknown,ghidra-12.1.3-initial-inventory
0x0040B4C0,unknown,,review,unknown,ghidra-12.1.3-initial-inventory
0x0040B550,unknown,,review,unknown,ghidra-12.1.3-initial-inventory
0x0040BB60,unknown,,review,unknown,ghidra-12.1.3-initial-inventory
0x0040C1A0,unknown,,review,unknown,ghidra-12.1.3-initial-inventory
0x0040C2B0,unknown,,review,unknown,ghidra-12.1.3-initial-inventory
0x0040C3B0,unknown,,review,unknown,ghidra-12.1.3-initial-inventory
0x0040C740,unknown,,review,unknown,ghidra-12.1.3-initial-inventory
0x0040C9C0,unknown,,review,unknown,ghidra-12.1.3-initial-inventory
0x0040CA70,unknown,,review,unknown,ghidra-12.1.3-initial-inventory
0x0040CC20,unknown,,review,unknown,ghidra-12.1.3-initial-inventory
0x0040CC30,authored,boards,reconstruct,high,board-owner-producers-consumers
0x0040CC90,authored,boards,reconstruct,high,board-owner-producers-consumers
0x0040CCF0,authored,boards,reconstruct,high,board-owner-producers-consumers
0x0040CEA0,authored,boards,reconstruct,high,board-owner-producers-consumers
0x0040CEE0,authored,boards,reconstruct,high,board-owner-producers-consumers
0x0040CF20,unknown,,review,unknown,ghidra-12.1.3-initial-inventory
0x0040CF70,unknown,,review,unknown,ghidra-12.1.3-initial-inventory
0x0040D4B0,unknown,,review,unknown,ghidra-12.1.3-initial-inventory
0x0040D930,unknown,,review,unknown,ghidra-12.1.3-initial-inventory
0x0040DA70,unknown,,review,unknown,ghidra-12.1.3-initial-inventory
0x0040DF10,unknown,,review,unknown,ghidra-12.1.3-initial-inventory
0x0040DF80,unknown,,review,unknown,ghidra-12.1.3-initial-inventory
0x0040DFC0,unknown,,review,unknown,ghidra-12.1.3-initial-inventory
0x0040E0E0,unknown,,review,unknown,ghidra-12.1.3-initial-inventory
0x0040E330,unknown,,review,unknown,ghidra-12.1.3-initial-inventory
0x0040E430,unknown,,review,unknown,ghidra-12.1.3-initial-inventory
0x0040E570,unknown,,review,unknown,ghidra-12.1.3-initial-inventory
0x0040ED40,unknown,,review,unknown,ghidra-12.1.3-initial-inventory
0x0040F010,unknown,,review,unknown,ghidra-12.1.3-initial-inventory
0x0040F0C0,unknown,,review,unknown,ghidra-12.1.3-initial-inventory
0x0040F0E0,unknown,,review,unknown,ghidra-12.1.3-initial-inventory
0x0040F100,unknown,,review,unknown,ghidra-12.1.3-initial-inventory
0x0040F120,unknown,,review,unknown,ghidra-12.1.3-initial-inventory
0x0040F140,unknown,,review,unknown,ghidra-12.1.3-initial-inventory
0x0040F160,unknown,,review,unknown,ghidra-12.1.3-initial-inventory
0x0040F180,unknown,,review,unknown,ghidra-12.1.3-initial-inventory
0x0040F1A0,unknown,,review,unknown,ghidra-12.1.3-initial-inventory
0x0040F1C0,unknown,,review,unknown,ghidra-12.1.3-initial-inventory
0x0040F1E0,unknown,,review,unknown,ghidra-12.1.3-initial-inventory
0x0040F200,unknown,,review,unknown,ghidra-12.1.3-initial-inventory
0x0040F240,unknown,,review,unknown,ghidra-12.1.3-initial-inventory
0x0040F260,unknown,,review,unknown,ghidra-12.1.3-initial-inventory
0x0040F2A0,unknown,,review,unknown,ghidra-12.1.3-initial-inventory
0x0040F2C0,unknown,,review,unknown,ghidra-12.1.3-initial-inventory
0x0040F2E0,unknown,,review,unknown,ghidra-12.1.3-initial-inventory
0x0040F320,unknown,,review,unknown,ghidra-12.1.3-initial-inventory
0x0040F340,unknown,,review,unknown,ghidra-12.1.3-initial-inventory
0x0040F380,unknown,,review,unknown,ghidra-12.1.3-initial-inventory
0x0040F3A0,unknown,,review,unknown,ghidra-12.1.3-initial-inventory
0x0040F3C0,unknown,,review,unknown,ghidra-12.1.3-initial-inventory
0x0040F400,unknown,,review,unknown,ghidra-12.1.3-initial-inventory
0x0040F420,unknown,,review,unknown,ghidra-12.1.3-initial-inventory
0x0040F460,unknown,,review,unknown,ghidra-12.1.3-initial-inventory
0x0040F480,unknown,,review,unknown,ghidra-12.1.3-initial-inventory
0x0040F4C0,unknown,,review,unknown,ghidra-12.1.3-initial-inventory
0x0040F7A0,unknown,,review,unknown,ghidra-12.1.3-initial-inventory
0x0040F8B0,unknown,,review,unknown,ghidra-12.1.3-initial-inventory
0x0040FF50,authored,gameplay,reconstruct,high,ev_1538f8576bc2c7b207799609630f986e3933507a8a2a23a9a16767404a1a93d4
0x00410030,unknown,,review,unknown,ghidra-12.1.3-initial-inventory
0x00410070,authored,gameplay,reconstruct,high,ev_80fc0d3eb489435cb358378c87af0ab6cdf0452ea91c3130435d301de8cd1805
0x004100B0,authored,effects,reconstruct,high,ev_5f4d83a6f76902c735b47dd50457a81c0db79b9c09e8adeed59e3da294738cb8
0x004100F0,unknown,,review,unknown,ghidra-12.1.3-initial-inventory
0x00410130,unknown,,review,unknown,ghidra-12.1.3-initial-inventory
0x00410170,authored,gameplay,reconstruct,high,ev_4a996ce8b1c696f9b8499a93062c8783d6936f2bb57ebcfed07b98948fd37c3f
0x004101D0,unknown,,review,unknown,ghidra-12.1.3-initial-inventory
0x00410230,unknown,,review,unknown,ghidra-12.1.3-initial-inventory
0x00410290,unknown,,review,unknown,ghidra-12.1.3-initial-inventory
0x004105D0,unknown,,review,unknown,ghidra-12.1.3-initial-inventory
0x004106D0,unknown,,review,unknown,ghidra-12.1.3-initial-inventory
0x00410770,unknown,,review,unknown,ghidra-12.1.3-initial-inventory
0x00411410,unknown,,review,unknown,ghidra-12.1.3-initial-inventory
0x004116C0,unknown,,review,unknown,ghidra-12.1.3-initial-inventory
0x00411820,unknown,,review,unknown,ghidra-12.1.3-initial-inventory
0x00411850,unknown,,review,unknown,ghidra-12.1.3-initial-inventory
0x00411930,authored,boards,reconstruct,high,board-owner-producers-consumers
0x00411970,authored,boards,reconstruct,high,board-owner-producers-consumers
0x004119F0,authored,boards,reconstruct,high,board-owner-producers-consumers
0x00411F40,authored,gameplay,reconstruct,high,ev_d09866ff22dc07f3ac28ef1d992c5876c1e58e1796dbe0f0c5c2814544aa27eb
0x00412470,authored,gameplay,reconstruct,high,ev_4e8d52c7cb6398fdd93ddd2d9018f42208554126966f47176e512a58d444929f
0x00412510,authored,effects,reconstruct,high,ev_889bc398a93966a7b706e27e6b7af68c1e69a512723b0b40314765bcbfb57783
0x00412590,authored,effects,reconstruct,high,ev_886d6a238cd487da7ef3206c31fc47d874df216f023047d55b62188f86c7c1da
0x004125F0,authored,effects,reconstruct,high,ev_0e1624eafd38ad8ab2071252d96c8d58dc5a395fac02ff842dfc9d61f4ef0f6d
0x00412690,authored,effects,reconstruct,high,ev_6a32fd651ca3a7fb5d9cfda71f66a09b545b0a7baf59e584310935a7953e64af
0x00412730,authored,effects,reconstruct,high,ev_b10ee96258ecd655c8f9258fc4ae6cb2c52939077283dc0409f9f912688f79b3
0x00412A50,authored,effects,reconstruct,high,ev_15590b4df69e7901145c02e294dca11e8f4f9c5be7675b3a332149d8dddde90e
0x00412B30,authored,gameplay,reconstruct,high,ev_f0995a29d766938cd1cbe47ce792d20976af9379bea1da71164921488da80844
0x00412BA0,authored,effects,reconstruct,high,ev_49448d4e201f7fd4da584beaa1c1bfe2fef9bdf63fbc3afb0b03b46c5275ee0a
0x00412CB0,authored,effects,reconstruct,high,ev_ddb63b6637b595283546b24dd97e5dba3e2af6a5b63142902883b2e6aa6dd702
0x00412DF0,unknown,,review,unknown,ghidra-12.1.3-initial-inventory
0x00412EC0,unknown,,review,unknown,ghidra-12.1.3-initial-inventory
0x00413170,unknown,,review,unknown,ghidra-12.1.3-initial-inventory
0x004132C0,unknown,,review,unknown,ghidra-12.1.3-initial-inventory
0x00413410,unknown,,review,unknown,ghidra-12.1.3-initial-inventory
0x004134B0,unknown,,review,unknown,ghidra-12.1.3-initial-inventory
0x004134D0,unknown,,review,unknown,ghidra-12.1.3-initial-inventory
0x004135B0,unknown,,review,unknown,ghidra-12.1.3-initial-inventory
0x00413670,unknown,,review,unknown,ghidra-12.1.3-initial-inventory
0x00413710,unknown,,review,unknown,ghidra-12.1.3-initial-inventory
0x00413790,unknown,,review,unknown,ghidra-12.1.3-initial-inventory
0x00413870,unknown,,review,unknown,ghidra-12.1.3-initial-inventory
0x004138D0,authored,bonuses,reconstruct,high,ev_ef8ebb1d4341bf24e0f31fba3bfb64c963503539c43bd3f13e61c367b4d84aed
0x00413D80,authored,bonuses,reconstruct,high,ev_4fc477413a3cc27f679939d9c009896ebe04d9188e4302c056852028388321a9
0x00413E20,unknown,,review,unknown,ghidra-12.1.3-initial-inventory
0x004146A0,authored,bonuses,reconstruct,high,ev_7200f1d8c975df601b205d3934efd146c77feef3869132c72b82a77eddb889c5
0x004146E0,authored,bonuses,reconstruct,high,ev_4c71c8001b1066592397096ca4fe4617295a41270a79d68c527ae7f3bf131162
0x00414740,authored,bonuses,reconstruct,high,ev_18c8a1b160ceda205898808260e4886bf6c68f56001a7444f7b169469928c029
0x004147A0,authored,bonuses,reconstruct,high,ev_d54f984055c1f61fdaea407b4d29928c71f9dc724f09b472e63e0001da6df5b7
0x004147C0,authored,bonuses,reconstruct,high,ev_b1a3e59b2e4a28cee43842cefa27a736625c049bade614e71c11c6e452e3e0a1
0x004148A0,authored,particles,reconstruct,high,ev_4d35e69679c1f453b47c74c9e927ba93112cdd0dbad1d97ccb36e7b82ceeefff
0x00414960,authored,particles,reconstruct,high,ev_f0a14ca1d6a7e5734bfb86fbda96ab6446e8053561c412ff5119c3b3cd76559c
0x00414A00,authored,particles,reconstruct,high,ev_8eb54857bbb5f5105e0c93e144024b4cbeed3925d1203c2d49e611908206de9a
0x00414B30,authored,particles,reconstruct,high,ev_e30c638667b1f7ce3a2fef6c243992dda3d59bad3a57a76cf426638f84129055
0x00414C10,authored,particles,reconstruct,high,ev_737ebc4fa238049f19b2ccbe3b3093cbbbe34697b4d040dd4a29c65cc352793d
0x00414C50,authored,particles,reconstruct,high,ev_64bcf8c88bd3b67f1ef9bea35c6ce9f3095290845b0ab61c339f0634c812b2f9
0x00414CB0,authored,particles,reconstruct,high,ev_78508bf5cd7a13bba8f876482f913dfeffc0fee30ef126fc6a216c32b14bca6e
0x00414DF0,unknown,,review,unknown,ghidra-12.1.3-initial-inventory
0x00415070,unknown,,review,unknown,ghidra-12.1.3-initial-inventory
0x004150A0,unknown,,review,unknown,ghidra-12.1.3-initial-inventory
0x004153E0,unknown,,review,unknown,ghidra-12.1.3-initial-inventory
0x00415410,unknown,,review,unknown,ghidra-12.1.3-initial-inventory
0x004155A0,authored,gameplay,reconstruct,high,ev_0b89bb714a56483d674b64accbc32f8de26c976f450c9680e3078d60293643a4
0x00415630,unknown,,review,unknown,ghidra-12.1.3-initial-inventory
0x00415670,unknown,,review,unknown,ghidra-12.1.3-initial-inventory
0x00415820,unknown,,review,unknown,ghidra-12.1.3-initial-inventory
0x00415880,unknown,,review,unknown,ghidra-12.1.3-initial-inventory
0x004158D0,unknown,,review,unknown,ghidra-12.1.3-initial-inventory
0x00415A90,unknown,,review,unknown,ghidra-12.1.3-initial-inventory
0x00415B30,unknown,,review,unknown,ghidra-12.1.3-initial-inventory
0x00415BB0,unknown,,review,unknown,ghidra-12.1.3-initial-inventory
0x00415C10,unknown,,review,unknown,ghidra-12.1.3-initial-inventory
0x00415C40,unknown,,review,unknown,ghidra-12.1.3-initial-inventory
0x00415DF0,unknown,,review,unknown,ghidra-12.1.3-initial-inventory
0x00415F40,unknown,,review,unknown,ghidra-12.1.3-initial-inventory
0x00416370,unknown,,review,unknown,ghidra-12.1.3-initial-inventory
0x00416430,unknown,,review,unknown,ghidra-12.1.3-initial-inventory
0x004164A0,unknown,,review,unknown,ghidra-12.1.3-initial-inventory
0x00416510,unknown,,review,unknown,ghidra-12.1.3-initial-inventory
0x00416540,unknown,,review,unknown,ghidra-12.1.3-initial-inventory
0x00416570,unknown,,review,unknown,ghidra-12.1.3-initial-inventory
0x004165A0,unknown,,review,unknown,ghidra-12.1.3-initial-inventory
0x004165D0,unknown,,review,unknown,ghidra-12.1.3-initial-inventory
0x00416600,unknown,,review,unknown,ghidra-12.1.3-initial-inventory
0x00416606,unknown,,review,unknown,ghidra-12.1.3-initial-inventory
0x00416610,unknown,,review,unknown,ghidra-12.1.3-initial-inventory
0x00416760,unknown,,review,unknown,ghidra-12.1.3-initial-inventory
0x00416770,unknown,,review,unknown,ghidra-12.1.3-initial-inventory
0x00416780,unknown,,review,unknown,ghidra-12.1.3-initial-inventory
0x0041678C,unknown,,review,unknown,ghidra-12.1.3-initial-inventory
0x004167C0,unknown,,review,unknown,ghidra-12.1.3-initial-inventory
0x004167CA,unknown,,review,unknown,ghidra-12.1.3-initial-inventory
0x004167F0,unknown,,review,unknown,ghidra-12.1.3-initial-inventory
0x00416DA6,unknown,,review,unknown,ghidra-12.1.3-initial-inventory
0x00416DB9,unknown,,review,unknown,ghidra-12.1.3-initial-inventory
0x00416DCC,unknown,,review,unknown,ghidra-12.1.3-initial-inventory
0x00416E18,unknown,,review,unknown,ghidra-12.1.3-initial-inventory
0x00416E98,unknown,,review,unknown,ghidra-12.1.3-initial-inventory
0x00416ECC,unknown,,review,unknown,ghidra-12.1.3-initial-inventory
0x00416F18,unknown,,review,unknown,ghidra-12.1.3-initial-inventory
0x00417580,unknown,,review,unknown,ghidra-12.1.3-initial-inventory
0x004175B0,unknown,,review,unknown,ghidra-12.1.3-initial-inventory
0x00417608,unknown,,review,unknown,ghidra-12.1.3-initial-inventory
0x00417640,unknown,,review,unknown,ghidra-12.1.3-initial-inventory
0x00417660,unknown,,review,unknown,ghidra-12.1.3-initial-inventory
0x00417750,unknown,,review,unknown,ghidra-12.1.3-initial-inventory
0x00417770,unknown,,review,unknown,ghidra-12.1.3-initial-inventory
0x00417790,unknown,,review,unknown,ghidra-12.1.3-initial-inventory
0x004177D0,unknown,,review,unknown,ghidra-12.1.3-initial-inventory
0x004177F0,unknown,,review,unknown,ghidra-12.1.3-initial-inventory
0x004177F8,unknown,,review,unknown,ghidra-12.1.3-initial-inventory
0x004178E0,unknown,,review,unknown,ghidra-12.1.3-initial-inventory
0x00417910,unknown,,review,unknown,ghidra-12.1.3-initial-inventory
0x00417930,unknown,,review,unknown,ghidra-12.1.3-initial-inventory
0x00417950,unknown,,review,unknown,ghidra-12.1.3-initial-inventory
0x004179D0,unknown,,review,unknown,ghidra-12.1.3-initial-inventory
0x004179F0,unknown,,review,unknown,ghidra-12.1.3-initial-inventory
0x00417A00,unknown,,review,unknown,ghidra-12.1.3-initial-inventory
0x00417A30,unknown,,review,unknown,ghidra-12.1.3-initial-inventory
0x00417AA0,unknown,,review,unknown,ghidra-12.1.3-initial-inventory
0x00417BF0,unknown,,review,unknown,ghidra-12.1.3-initial-inventory
0x00417C20,unknown,,review,unknown,ghidra-12.1.3-initial-inventory
0x00417C40,unknown,,review,unknown,ghidra-12.1.3-initial-inventory
0x00417CA0,unknown,,review,unknown,ghidra-12.1.3-initial-inventory
0x00417DF0,unknown,,review,unknown,ghidra-12.1.3-initial-inventory
0x00417E70,unknown,,review,unknown,ghidra-12.1.3-initial-inventory
0x00417FF0,unknown,,review,unknown,ghidra-12.1.3-initial-inventory
0x00418040,unknown,,review,unknown,ghidra-12.1.3-initial-inventory
0x00418130,unknown,,review,unknown,ghidra-12.1.3-initial-inventory
0x00418220,unknown,,review,unknown,ghidra-12.1.3-initial-inventory
0x00418310,unknown,,review,unknown,ghidra-12.1.3-initial-inventory
0x004183AC,unknown,,review,unknown,ghidra-12.1.3-initial-inventory
0x004183EE,unknown,,review,unknown,ghidra-12.1.3-initial-inventory
0x00418456,unknown,,review,unknown,ghidra-12.1.3-initial-inventory
0x00418479,unknown,,review,unknown,ghidra-12.1.3-initial-inventory
0x00418482,unknown,,review,unknown,ghidra-12.1.3-initial-inventory
0x004184A0,unknown,,review,unknown,ghidra-12.1.3-initial-inventory
0x004184E0,unknown,,review,unknown,ghidra-12.1.3-initial-inventory
0x004184F0,unknown,,review,unknown,ghidra-12.1.3-initial-inventory
0x00418500,unknown,,review,unknown,ghidra-12.1.3-initial-inventory
0x00418510,unknown,,review,unknown,ghidra-12.1.3-initial-inventory
0x00418570,unknown,,review,unknown,ghidra-12.1.3-initial-inventory
0x004185B0,unknown,,review,unknown,ghidra-12.1.3-initial-inventory
0x00418650,unknown,,review,unknown,ghidra-12.1.3-initial-inventory
0x00418730,unknown,,review,unknown,ghidra-12.1.3-initial-inventory
0x004187A0,unknown,,review,unknown,ghidra-12.1.3-initial-inventory
0x00418930,unknown,,review,unknown,ghidra-12.1.3-initial-inventory
0x00418990,unknown,,review,unknown,ghidra-12.1.3-initial-inventory
0x004189CE,unknown,,review,unknown,ghidra-12.1.3-initial-inventory
0x00418A04,unknown,,review,unknown,ghidra-12.1.3-initial-inventory
0x00418A3E,unknown,,review,unknown,ghidra-12.1.3-initial-inventory
0x00418A45,unknown,,review,unknown,ghidra-12.1.3-initial-inventory
0x00418B75,unknown,,review,unknown,ghidra-12.1.3-initial-inventory
0x00418BA1,unknown,,review,unknown,ghidra-12.1.3-initial-inventory
0x00418BE0,unknown,,review,unknown,ghidra-12.1.3-initial-inventory
0x00418C00,unknown,,review,unknown,ghidra-12.1.3-initial-inventory
0x00418C50,unknown,,review,unknown,ghidra-12.1.3-initial-inventory
0x00418EB0,unknown,,review,unknown,ghidra-12.1.3-initial-inventory
0x00418FF0,unknown,,review,unknown,ghidra-12.1.3-initial-inventory
0x004190F0,unknown,,review,unknown,ghidra-12.1.3-initial-inventory
0x004191A0,unknown,,review,unknown,ghidra-12.1.3-initial-inventory
0x004191D0,unknown,,review,unknown,ghidra-12.1.3-initial-inventory
0x00419270,unknown,,review,unknown,ghidra-12.1.3-initial-inventory
0x004192DC,unknown,,review,unknown,ghidra-12.1.3-initial-inventory
0x0041930C,unknown,,review,unknown,ghidra-12.1.3-initial-inventory
0x00419370,unknown,,review,unknown,ghidra-12.1.3-initial-inventory
0x00419390,unknown,,review,unknown,ghidra-12.1.3-initial-inventory
0x004193B0,unknown,,review,unknown,ghidra-12.1.3-initial-inventory
0x004193F0,unknown,,review,unknown,ghidra-12.1.3-initial-inventory
0x00419450,unknown,,review,unknown,ghidra-12.1.3-initial-inventory
0x004194A0,unknown,,review,unknown,ghidra-12.1.3-initial-inventory
0x00419560,unknown,,review,unknown,ghidra-12.1.3-initial-inventory
0x004198D0,unknown,,review,unknown,ghidra-12.1.3-initial-inventory
0x00419B90,unknown,,review,unknown,ghidra-12.1.3-initial-inventory
0x00419C40,unknown,,review,unknown,ghidra-12.1.3-initial-inventory
0x00419C70,unknown,,review,unknown,ghidra-12.1.3-initial-inventory
0x00419CA0,unknown,,review,unknown,ghidra-12.1.3-initial-inventory
0x00419CE0,unknown,,review,unknown,ghidra-12.1.3-initial-inventory
0x00419D20,unknown,,review,unknown,ghidra-12.1.3-initial-inventory
0x00419D90,unknown,,review,unknown,ghidra-12.1.3-initial-inventory
0x00419E80,unknown,,review,unknown,ghidra-12.1.3-initial-inventory
0x00419EA0,unknown,,review,unknown,ghidra-12.1.3-initial-inventory
0x00419ED0,unknown,,review,unknown,ghidra-12.1.3-initial-inventory
0x00419FA0,unknown,,review,unknown,ghidra-12.1.3-initial-inventory
0x00419FE0,unknown,,review,unknown,ghidra-12.1.3-initial-inventory
0x0041A030,unknown,,review,unknown,ghidra-12.1.3-initial-inventory
0x0041A0B0,unknown,,review,unknown,ghidra-12.1.3-initial-inventory
0x0041A120,unknown,,review,unknown,ghidra-12.1.3-initial-inventory
0x0041A390,unknown,,review,unknown,ghidra-12.1.3-initial-inventory
0x0041A5A0,unknown,,review,unknown,ghidra-12.1.3-initial-inventory
0x0041A620,unknown,,review,unknown,ghidra-12.1.3-initial-inventory
0x0041A770,unknown,,review,unknown,ghidra-12.1.3-initial-inventory
0x0041A9A0,unknown,,review,unknown,ghidra-12.1.3-initial-inventory
0x0041AA10,unknown,,review,unknown,ghidra-12.1.3-initial-inventory
0x0041AC40,unknown,,review,unknown,ghidra-12.1.3-initial-inventory
0x0041AC70,unknown,,review,unknown,ghidra-12.1.3-initial-inventory
0x0041AD10,unknown,,review,unknown,ghidra-12.1.3-initial-inventory
0x0041AEF0,unknown,,review,unknown,ghidra-12.1.3-initial-inventory
0x0041AF40,unknown,,review,unknown,ghidra-12.1.3-initial-inventory
0x0041B000,unknown,,review,unknown,ghidra-12.1.3-initial-inventory
0x0041B1B0,unknown,,review,unknown,ghidra-12.1.3-initial-inventory
0x0041B270,unknown,,review,unknown,ghidra-12.1.3-initial-inventory
0x0041B510,unknown,,review,unknown,ghidra-12.1.3-initial-inventory
0x0041B5F0,unknown,,review,unknown,ghidra-12.1.3-initial-inventory
0x0041B690,unknown,,review,unknown,ghidra-12.1.3-initial-inventory
0x0041B780,unknown,,review,unknown,ghidra-12.1.3-initial-inventory
0x0041B820,unknown,,review,unknown,ghidra-12.1.3-initial-inventory
0x0041B960,unknown,,review,unknown,ghidra-12.1.3-initial-inventory
0x0041BB60,unknown,,review,unknown,ghidra-12.1.3-initial-inventory
0x0041BBE0,unknown,,review,unknown,ghidra-12.1.3-initial-inventory
0x0041BC10,unknown,,review,unknown,ghidra-12.1.3-initial-inventory
0x0041BC60,unknown,,review,unknown,ghidra-12.1.3-initial-inventory
0x0041BCE0,unknown,,review,unknown,ghidra-12.1.3-initial-inventory
0x0041BEF0,unknown,,review,unknown,ghidra-12.1.3-initial-inventory
0x0041BF10,unknown,,review,unknown,ghidra-12.1.3-initial-inventory
0x0041BF50,unknown,,review,unknown,ghidra-12.1.3-initial-inventory
0x0041C030,unknown,,review,unknown,ghidra-12.1.3-initial-inventory
0x0041C0D0,unknown,,review,unknown,ghidra-12.1.3-initial-inventory
0x0041C2B0,unknown,,review,unknown,ghidra-12.1.3-initial-inventory
0x0041C450,unknown,,review,unknown,ghidra-12.1.3-initial-inventory
0x0041C630,unknown,,review,unknown,ghidra-12.1.3-initial-inventory
0x0041C680,unknown,,review,unknown,ghidra-12.1.3-initial-inventory
0x0041C6E0,unknown,,review,unknown,ghidra-12.1.3-initial-inventory
0x0041C710,unknown,,review,unknown,ghidra-12.1.3-initial-inventory
0x0041C7E1,unknown,,review,unknown,ghidra-12.1.3-initial-inventory
0x0041C800,unknown,,review,unknown,ghidra-12.1.3-initial-inventory
0x0041C840,unknown,,review,unknown,ghidra-12.1.3-initial-inventory
0x0041CA30,unknown,,review,unknown,ghidra-12.1.3-initial-inventory
0x0041CA97,unknown,,review,unknown,ghidra-12.1.3-initial-inventory
0x0041CB3B,unknown,,review,unknown,ghidra-12.1.3-initial-inventory
0x0041CBD6,unknown,,review,unknown,ghidra-12.1.3-initial-inventory
0x0041CBF3,unknown,,review,unknown,ghidra-12.1.3-initial-inventory
0x0041CDA1,unknown,,review,unknown,ghidra-12.1.3-initial-inventory
0x0041CE10,unknown,,review,unknown,ghidra-12.1.3-initial-inventory
0x0041CF30,unknown,,review,unknown,ghidra-12.1.3-initial-inventory
0x0041CF70,unknown,,review,unknown,ghidra-12.1.3-initial-inventory
0x0041CF90,unknown,,review,unknown,ghidra-12.1.3-initial-inventory
0x0041D040,unknown,,review,unknown,ghidra-12.1.3-initial-inventory
0x0041D0E0,unknown,,review,unknown,ghidra-12.1.3-initial-inventory
0x0041D150,unknown,,review,unknown,ghidra-12.1.3-initial-inventory
0x0041D1C0,unknown,,review,unknown,ghidra-12.1.3-initial-inventory
0x0041D270,unknown,,review,unknown,ghidra-12.1.3-initial-inventory
0x0041D290,unknown,,review,unknown,ghidra-12.1.3-initial-inventory
0x0041D2A0,unknown,,review,unknown,ghidra-12.1.3-initial-inventory
0x0041D2C0,unknown,,review,unknown,ghidra-12.1.3-initial-inventory
0x0041D370,unknown,,review,unknown,ghidra-12.1.3-initial-inventory
0x0041D540,unknown,,review,unknown,ghidra-12.1.3-initial-inventory
0x0041D560,unknown,,review,unknown,ghidra-12.1.3-initial-inventory
0x0041D580,unknown,,review,unknown,ghidra-12.1.3-initial-inventory
0x0041D5C0,unknown,,review,unknown,ghidra-12.1.3-initial-inventory
0x0041D600,unknown,,review,unknown,ghidra-12.1.3-initial-inventory
0x0041D690,unknown,,review,unknown,ghidra-12.1.3-initial-inventory
0x0041D700,unknown,,review,unknown,ghidra-12.1.3-initial-inventory
0x0041D7C0,unknown,,review,unknown,ghidra-12.1.3-initial-inventory
0x0041D7D0,unknown,,review,unknown,ghidra-12.1.3-initial-inventory
0x0041D890,unknown,,review,unknown,ghidra-12.1.3-initial-inventory
0x0041D940,unknown,,review,unknown,ghidra-12.1.3-initial-inventory
0x0041D9D0,unknown,,review,unknown,ghidra-12.1.3-initial-inventory
0x0041DA20,unknown,,review,unknown,ghidra-12.1.3-initial-inventory
0x0041DB80,unknown,,review,unknown,ghidra-12.1.3-initial-inventory
0x0041DFA0,unknown,,review,unknown,ghidra-12.1.3-initial-inventory
0x0041DFD0,unknown,,review,unknown,ghidra-12.1.3-initial-inventory
0x0041E000,unknown,,review,unknown,ghidra-12.1.3-initial-inventory
0x0041E160,unknown,,review,unknown,ghidra-12.1.3-initial-inventory
0x0041E1D0,unknown,,review,unknown,ghidra-12.1.3-initial-inventory
0x0041E1F0,unknown,,review,unknown,ghidra-12.1.3-initial-inventory
0x0041E210,unknown,,review,unknown,ghidra-12.1.3-initial-inventory
0x0041E230,unknown,,review,unknown,ghidra-12.1.3-initial-inventory
0x0041E250,unknown,,review,unknown,ghidra-12.1.3-initial-inventory
0x0041E2F0,unknown,,review,unknown,ghidra-12.1.3-initial-inventory
0x0041E540,unknown,,review,unknown,ghidra-12.1.3-initial-inventory
0x0041E5C0,unknown,,review,unknown,ghidra-12.1.3-initial-inventory
0x0041E5F0,unknown,,review,unknown,ghidra-12.1.3-initial-inventory
0x0041E660,unknown,,review,unknown,ghidra-12.1.3-initial-inventory
0x0041E6A0,unknown,,review,unknown,ghidra-12.1.3-initial-inventory
0x0041E6E0,unknown,,review,unknown,ghidra-12.1.3-initial-inventory
0x0041E7D0,unknown,,review,unknown,ghidra-12.1.3-initial-inventory
0x0041EF20,unknown,,review,unknown,ghidra-12.1.3-initial-inventory
0x0041F2C0,unknown,,review,unknown,ghidra-12.1.3-initial-inventory
0x0041F450,unknown,,review,unknown,ghidra-12.1.3-initial-inventory
0x0041F490,unknown,,review,unknown,ghidra-12.1.3-initial-inventory
0x0041F4D0,unknown,,review,unknown,ghidra-12.1.3-initial-inventory
0x0041F510,unknown,,review,unknown,ghidra-12.1.3-initial-inventory
0x0041F570,unknown,,review,unknown,ghidra-12.1.3-initial-inventory
0x0041F590,unknown,,review,unknown,ghidra-12.1.3-initial-inventory
0x0041F5F0,unknown,,review,unknown,ghidra-12.1.3-initial-inventory
0x0041F670,unknown,,review,unknown,ghidra-12.1.3-initial-inventory
0x0041F7E0,unknown,,review,unknown,ghidra-12.1.3-initial-inventory
0x0041F860,unknown,,review,unknown,ghidra-12.1.3-initial-inventory
0x0041F8C0,unknown,,review,unknown,ghidra-12.1.3-initial-inventory
0x0041F8E0,unknown,,review,unknown,ghidra-12.1.3-initial-inventory
0x0041F990,unknown,,review,unknown,ghidra-12.1.3-initial-inventory
0x0041FC40,unknown,,review,unknown,ghidra-12.1.3-initial-inventory
0x0041FCC0,unknown,,review,unknown,ghidra-12.1.3-initial-inventory
0x0041FD40,unknown,,review,unknown,ghidra-12.1.3-initial-inventory
0x0041FD70,unknown,,review,unknown,ghidra-12.1.3-initial-inventory
0x0041FDE0,unknown,,review,unknown,ghidra-12.1.3-initial-inventory
0x0041FEE6,unknown,,review,unknown,ghidra-12.1.3-initial-inventory
