address,symbol,source,scope,semantic_unit
0x00403E50,dxball_select_surface,src/boards.c,all 32-bit handles,board-render
0x0040CC30,dxball_read_board_bank,src/boards.c,path/open/read boundaries,board-io
0x0040CC90,dxball_write_board_bank,src/boards.c,path/open/write boundaries,board-io
0x0040CCF0,dxball_board_tile_sprite,src/boards.c,tile 0..22 only,tile-sprite
0x0040CEA0,dxball_load_editor_board,src/boards.c,board 0..49,board-copy
0x0040CEE0,dxball_store_editor_board,src/boards.c,board 0..49,board-copy
0x00411930,dxball_initialize_board,src/boards.c,board index 0..49,board-copy
0x00411970,dxball_draw_board,src/boards.c,valid grid; rendering call trace,board-render
0x004119F0,dxball_draw_board_tile,src/boards.c,x/y 0..19; tile bytes 0..255; rendering call trace,board-render
