address,unit,scope,source_sha256,header_sha256,oracle_sha256,target_oracle_sha256,target_sha256,cases,inputs_sha256
0x00403E50,board-render,all 32-bit handles,9b1e2a6596b0f7ee5d2167a6007ca1e1044b552439d486eb70f3a0ee74187336,1ead1dac1b61266e7d9c41c7ef7709d069406c3113b4d632000decd004a9c306,56c813cf8170b91175299114245586c374ba9e98095a82f0aee0e7227fd5e85d,00860e2554870ea7367646cfa8d71475fc618fd529ca053cba9d11a0415156ee,756da1ba09edce716d5bf8770320ca0d5ed4e525672b6bb605b9bdb4b88972ba,9319,"{""src/boards.c"":""9b1e2a6596b0f7ee5d2167a6007ca1e1044b552439d486eb70f3a0ee74187336"",""src/boards.h"":""1ead1dac1b61266e7d9c41c7ef7709d069406c3113b4d632000decd004a9c306"",""tests/target_oracle.py"":""00860e2554870ea7367646cfa8d71475fc618fd529ca053cba9d11a0415156ee"",""tests/test_boards_differential.py"":""56c813cf8170b91175299114245586c374ba9e98095a82f0aee0e7227fd5e85d""}"
0x00403E70,resource-select-sprite-bank,See docs/RESOURCE_OWNER.md; driver behavior and undefined state excluded,69fd0caedbd590cf11662ad9e703760310dab5993f73192459ddd96143006419,215bc373c2af909ed77bd36de8a252e4cb0ecf63a4761b39f2d8a9ae513c389f,09b9c1528efa82a862ce0edd12d7406afb8a21c74748dacdf416dda4258dbd80,ea838b724135ff2abaece722160ea79d3c4254258fb489e55542b94faaf9e102,756da1ba09edce716d5bf8770320ca0d5ed4e525672b6bb605b9bdb4b88972ba,6,"{""src/boards.h"":""1ead1dac1b61266e7d9c41c7ef7709d069406c3113b4d632000decd004a9c306"",""src/resources.c"":""69fd0caedbd590cf11662ad9e703760310dab5993f73192459ddd96143006419"",""src/resources.h"":""215bc373c2af909ed77bd36de8a252e4cb0ecf63a4761b39f2d8a9ae513c389f"",""tests/resources_oracle.py"":""ea838b724135ff2abaece722160ea79d3c4254258fb489e55542b94faaf9e102"",""tests/target_oracle.py"":""00860e2554870ea7367646cfa8d71475fc618fd529ca053cba9d11a0415156ee"",""tests/test_resources_differential.py"":""09b9c1528efa82a862ce0edd12d7406afb8a21c74748dacdf416dda4258dbd80""}"
0x00403E90,resource-select-font-bank,See docs/RESOURCE_OWNER.md; driver behavior and undefined state excluded,69fd0caedbd590cf11662ad9e703760310dab5993f73192459ddd96143006419,215bc373c2af909ed77bd36de8a252e4cb0ecf63a4761b39f2d8a9ae513c389f,09b9c1528efa82a862ce0edd12d7406afb8a21c74748dacdf416dda4258dbd80,ea838b724135ff2abaece722160ea79d3c4254258fb489e55542b94faaf9e102,756da1ba09edce716d5bf8770320ca0d5ed4e525672b6bb605b9bdb4b88972ba,6,"{""src/boards.h"":""1ead1dac1b61266e7d9c41c7ef7709d069406c3113b4d632000decd004a9c306"",""src/resources.c"":""69fd0caedbd590cf11662ad9e703760310dab5993f73192459ddd96143006419"",""src/resources.h"":""215bc373c2af909ed77bd36de8a252e4cb0ecf63a4761b39f2d8a9ae513c389f"",""tests/resources_oracle.py"":""ea838b724135ff2abaece722160ea79d3c4254258fb489e55542b94faaf9e102"",""tests/target_oracle.py"":""00860e2554870ea7367646cfa8d71475fc618fd529ca053cba9d11a0415156ee"",""tests/test_resources_differential.py"":""09b9c1528efa82a862ce0edd12d7406afb8a21c74748dacdf416dda4258dbd80""}"
0x00403F70,resource-blt-keyed-sprite,See docs/RESOURCE_OWNER.md; driver behavior and undefined state excluded,69fd0caedbd590cf11662ad9e703760310dab5993f73192459ddd96143006419,215bc373c2af909ed77bd36de8a252e4cb0ecf63a4761b39f2d8a9ae513c389f,09b9c1528efa82a862ce0edd12d7406afb8a21c74748dacdf416dda4258dbd80,ea838b724135ff2abaece722160ea79d3c4254258fb489e55542b94faaf9e102,756da1ba09edce716d5bf8770320ca0d5ed4e525672b6bb605b9bdb4b88972ba,36,"{""src/boards.h"":""1ead1dac1b61266e7d9c41c7ef7709d069406c3113b4d632000decd004a9c306"",""src/resources.c"":""69fd0caedbd590cf11662ad9e703760310dab5993f73192459ddd96143006419"",""src/resources.h"":""215bc373c2af909ed77bd36de8a252e4cb0ecf63a4761b39f2d8a9ae513c389f"",""tests/resources_oracle.py"":""ea838b724135ff2abaece722160ea79d3c4254258fb489e55542b94faaf9e102"",""tests/target_oracle.py"":""00860e2554870ea7367646cfa8d71475fc618fd529ca053cba9d11a0415156ee"",""tests/test_resources_differential.py"":""09b9c1528efa82a862ce0edd12d7406afb8a21c74748dacdf416dda4258dbd80""}"
0x00404040,resource-draw-keyed-sprite,See docs/RESOURCE_OWNER.md; driver behavior and undefined state excluded,69fd0caedbd590cf11662ad9e703760310dab5993f73192459ddd96143006419,215bc373c2af909ed77bd36de8a252e4cb0ecf63a4761b39f2d8a9ae513c389f,09b9c1528efa82a862ce0edd12d7406afb8a21c74748dacdf416dda4258dbd80,ea838b724135ff2abaece722160ea79d3c4254258fb489e55542b94faaf9e102,756da1ba09edce716d5bf8770320ca0d5ed4e525672b6bb605b9bdb4b88972ba,36,"{""src/boards.h"":""1ead1dac1b61266e7d9c41c7ef7709d069406c3113b4d632000decd004a9c306"",""src/resources.c"":""69fd0caedbd590cf11662ad9e703760310dab5993f73192459ddd96143006419"",""src/resources.h"":""215bc373c2af909ed77bd36de8a252e4cb0ecf63a4761b39f2d8a9ae513c389f"",""tests/resources_oracle.py"":""ea838b724135ff2abaece722160ea79d3c4254258fb489e55542b94faaf9e102"",""tests/target_oracle.py"":""00860e2554870ea7367646cfa8d71475fc618fd529ca053cba9d11a0415156ee"",""tests/test_resources_differential.py"":""09b9c1528efa82a862ce0edd12d7406afb8a21c74748dacdf416dda4258dbd80""}"
0x004040B0,resource-blt-sprite,See docs/RESOURCE_OWNER.md; driver behavior and undefined state excluded,69fd0caedbd590cf11662ad9e703760310dab5993f73192459ddd96143006419,215bc373c2af909ed77bd36de8a252e4cb0ecf63a4761b39f2d8a9ae513c389f,09b9c1528efa82a862ce0edd12d7406afb8a21c74748dacdf416dda4258dbd80,ea838b724135ff2abaece722160ea79d3c4254258fb489e55542b94faaf9e102,756da1ba09edce716d5bf8770320ca0d5ed4e525672b6bb605b9bdb4b88972ba,36,"{""src/boards.h"":""1ead1dac1b61266e7d9c41c7ef7709d069406c3113b4d632000decd004a9c306"",""src/resources.c"":""69fd0caedbd590cf11662ad9e703760310dab5993f73192459ddd96143006419"",""src/resources.h"":""215bc373c2af909ed77bd36de8a252e4cb0ecf63a4761b39f2d8a9ae513c389f"",""tests/resources_oracle.py"":""ea838b724135ff2abaece722160ea79d3c4254258fb489e55542b94faaf9e102"",""tests/target_oracle.py"":""00860e2554870ea7367646cfa8d71475fc618fd529ca053cba9d11a0415156ee"",""tests/test_resources_differential.py"":""09b9c1528efa82a862ce0edd12d7406afb8a21c74748dacdf416dda4258dbd80""}"
0x00404180,resource-draw-sprite,See docs/RESOURCE_OWNER.md; driver behavior and undefined state excluded,69fd0caedbd590cf11662ad9e703760310dab5993f73192459ddd96143006419,215bc373c2af909ed77bd36de8a252e4cb0ecf63a4761b39f2d8a9ae513c389f,09b9c1528efa82a862ce0edd12d7406afb8a21c74748dacdf416dda4258dbd80,ea838b724135ff2abaece722160ea79d3c4254258fb489e55542b94faaf9e102,756da1ba09edce716d5bf8770320ca0d5ed4e525672b6bb605b9bdb4b88972ba,36,"{""src/boards.h"":""1ead1dac1b61266e7d9c41c7ef7709d069406c3113b4d632000decd004a9c306"",""src/resources.c"":""69fd0caedbd590cf11662ad9e703760310dab5993f73192459ddd96143006419"",""src/resources.h"":""215bc373c2af909ed77bd36de8a252e4cb0ecf63a4761b39f2d8a9ae513c389f"",""tests/resources_oracle.py"":""ea838b724135ff2abaece722160ea79d3c4254258fb489e55542b94faaf9e102"",""tests/target_oracle.py"":""00860e2554870ea7367646cfa8d71475fc618fd529ca053cba9d11a0415156ee"",""tests/test_resources_differential.py"":""09b9c1528efa82a862ce0edd12d7406afb8a21c74748dacdf416dda4258dbd80""}"
0x004041F0,resource-stretch-keyed-sprite,See docs/RESOURCE_OWNER.md; driver behavior and undefined state excluded,69fd0caedbd590cf11662ad9e703760310dab5993f73192459ddd96143006419,215bc373c2af909ed77bd36de8a252e4cb0ecf63a4761b39f2d8a9ae513c389f,09b9c1528efa82a862ce0edd12d7406afb8a21c74748dacdf416dda4258dbd80,ea838b724135ff2abaece722160ea79d3c4254258fb489e55542b94faaf9e102,756da1ba09edce716d5bf8770320ca0d5ed4e525672b6bb605b9bdb4b88972ba,36,"{""src/boards.h"":""1ead1dac1b61266e7d9c41c7ef7709d069406c3113b4d632000decd004a9c306"",""src/resources.c"":""69fd0caedbd590cf11662ad9e703760310dab5993f73192459ddd96143006419"",""src/resources.h"":""215bc373c2af909ed77bd36de8a252e4cb0ecf63a4761b39f2d8a9ae513c389f"",""tests/resources_oracle.py"":""ea838b724135ff2abaece722160ea79d3c4254258fb489e55542b94faaf9e102"",""tests/target_oracle.py"":""00860e2554870ea7367646cfa8d71475fc618fd529ca053cba9d11a0415156ee"",""tests/test_resources_differential.py"":""09b9c1528efa82a862ce0edd12d7406afb8a21c74748dacdf416dda4258dbd80""}"
0x004042B0,resource-capture-sprite,See docs/RESOURCE_OWNER.md; driver behavior and undefined state excluded,69fd0caedbd590cf11662ad9e703760310dab5993f73192459ddd96143006419,215bc373c2af909ed77bd36de8a252e4cb0ecf63a4761b39f2d8a9ae513c389f,09b9c1528efa82a862ce0edd12d7406afb8a21c74748dacdf416dda4258dbd80,ea838b724135ff2abaece722160ea79d3c4254258fb489e55542b94faaf9e102,756da1ba09edce716d5bf8770320ca0d5ed4e525672b6bb605b9bdb4b88972ba,12,"{""src/boards.h"":""1ead1dac1b61266e7d9c41c7ef7709d069406c3113b4d632000decd004a9c306"",""src/resources.c"":""69fd0caedbd590cf11662ad9e703760310dab5993f73192459ddd96143006419"",""src/resources.h"":""215bc373c2af909ed77bd36de8a252e4cb0ecf63a4761b39f2d8a9ae513c389f"",""tests/resources_oracle.py"":""ea838b724135ff2abaece722160ea79d3c4254258fb489e55542b94faaf9e102"",""tests/target_oracle.py"":""00860e2554870ea7367646cfa8d71475fc618fd529ca053cba9d11a0415156ee"",""tests/test_resources_differential.py"":""09b9c1528efa82a862ce0edd12d7406afb8a21c74748dacdf416dda4258dbd80""}"
0x00404610,resource-load-sprite-bank,See docs/RESOURCE_OWNER.md; driver behavior and undefined state excluded,69fd0caedbd590cf11662ad9e703760310dab5993f73192459ddd96143006419,215bc373c2af909ed77bd36de8a252e4cb0ecf63a4761b39f2d8a9ae513c389f,09b9c1528efa82a862ce0edd12d7406afb8a21c74748dacdf416dda4258dbd80,ea838b724135ff2abaece722160ea79d3c4254258fb489e55542b94faaf9e102,756da1ba09edce716d5bf8770320ca0d5ed4e525672b6bb605b9bdb4b88972ba,10,"{""src/boards.h"":""1ead1dac1b61266e7d9c41c7ef7709d069406c3113b4d632000decd004a9c306"",""src/resources.c"":""69fd0caedbd590cf11662ad9e703760310dab5993f73192459ddd96143006419"",""src/resources.h"":""215bc373c2af909ed77bd36de8a252e4cb0ecf63a4761b39f2d8a9ae513c389f"",""tests/resources_oracle.py"":""ea838b724135ff2abaece722160ea79d3c4254258fb489e55542b94faaf9e102"",""tests/target_oracle.py"":""00860e2554870ea7367646cfa8d71475fc618fd529ca053cba9d11a0415156ee"",""tests/test_resources_differential.py"":""09b9c1528efa82a862ce0edd12d7406afb8a21c74748dacdf416dda4258dbd80""}"
0x00404BE0,resource-release-sprite,See docs/RESOURCE_OWNER.md; driver behavior and undefined state excluded,69fd0caedbd590cf11662ad9e703760310dab5993f73192459ddd96143006419,215bc373c2af909ed77bd36de8a252e4cb0ecf63a4761b39f2d8a9ae513c389f,09b9c1528efa82a862ce0edd12d7406afb8a21c74748dacdf416dda4258dbd80,ea838b724135ff2abaece722160ea79d3c4254258fb489e55542b94faaf9e102,756da1ba09edce716d5bf8770320ca0d5ed4e525672b6bb605b9bdb4b88972ba,9,"{""src/boards.h"":""1ead1dac1b61266e7d9c41c7ef7709d069406c3113b4d632000decd004a9c306"",""src/resources.c"":""69fd0caedbd590cf11662ad9e703760310dab5993f73192459ddd96143006419"",""src/resources.h"":""215bc373c2af909ed77bd36de8a252e4cb0ecf63a4761b39f2d8a9ae513c389f"",""tests/resources_oracle.py"":""ea838b724135ff2abaece722160ea79d3c4254258fb489e55542b94faaf9e102"",""tests/target_oracle.py"":""00860e2554870ea7367646cfa8d71475fc618fd529ca053cba9d11a0415156ee"",""tests/test_resources_differential.py"":""09b9c1528efa82a862ce0edd12d7406afb8a21c74748dacdf416dda4258dbd80""}"
0x00404CF0,resource-draw-glyph,See docs/RESOURCE_OWNER.md; driver behavior and undefined state excluded,69fd0caedbd590cf11662ad9e703760310dab5993f73192459ddd96143006419,215bc373c2af909ed77bd36de8a252e4cb0ecf63a4761b39f2d8a9ae513c389f,09b9c1528efa82a862ce0edd12d7406afb8a21c74748dacdf416dda4258dbd80,ea838b724135ff2abaece722160ea79d3c4254258fb489e55542b94faaf9e102,756da1ba09edce716d5bf8770320ca0d5ed4e525672b6bb605b9bdb4b88972ba,768,"{""src/boards.h"":""1ead1dac1b61266e7d9c41c7ef7709d069406c3113b4d632000decd004a9c306"",""src/resources.c"":""69fd0caedbd590cf11662ad9e703760310dab5993f73192459ddd96143006419"",""src/resources.h"":""215bc373c2af909ed77bd36de8a252e4cb0ecf63a4761b39f2d8a9ae513c389f"",""tests/resources_oracle.py"":""ea838b724135ff2abaece722160ea79d3c4254258fb489e55542b94faaf9e102"",""tests/target_oracle.py"":""00860e2554870ea7367646cfa8d71475fc618fd529ca053cba9d11a0415156ee"",""tests/test_resources_differential.py"":""09b9c1528efa82a862ce0edd12d7406afb8a21c74748dacdf416dda4258dbd80""}"
0x00404E40,resource-find-glyph,See docs/RESOURCE_OWNER.md; driver behavior and undefined state excluded,69fd0caedbd590cf11662ad9e703760310dab5993f73192459ddd96143006419,215bc373c2af909ed77bd36de8a252e4cb0ecf63a4761b39f2d8a9ae513c389f,09b9c1528efa82a862ce0edd12d7406afb8a21c74748dacdf416dda4258dbd80,ea838b724135ff2abaece722160ea79d3c4254258fb489e55542b94faaf9e102,756da1ba09edce716d5bf8770320ca0d5ed4e525672b6bb605b9bdb4b88972ba,769,"{""src/boards.h"":""1ead1dac1b61266e7d9c41c7ef7709d069406c3113b4d632000decd004a9c306"",""src/resources.c"":""69fd0caedbd590cf11662ad9e703760310dab5993f73192459ddd96143006419"",""src/resources.h"":""215bc373c2af909ed77bd36de8a252e4cb0ecf63a4761b39f2d8a9ae513c389f"",""tests/resources_oracle.py"":""ea838b724135ff2abaece722160ea79d3c4254258fb489e55542b94faaf9e102"",""tests/target_oracle.py"":""00860e2554870ea7367646cfa8d71475fc618fd529ca053cba9d11a0415156ee"",""tests/test_resources_differential.py"":""09b9c1528efa82a862ce0edd12d7406afb8a21c74748dacdf416dda4258dbd80""}"
0x00409790,resource-load-live-palette,See docs/RESOURCE_OWNER.md; driver behavior and undefined state excluded,69fd0caedbd590cf11662ad9e703760310dab5993f73192459ddd96143006419,215bc373c2af909ed77bd36de8a252e4cb0ecf63a4761b39f2d8a9ae513c389f,09b9c1528efa82a862ce0edd12d7406afb8a21c74748dacdf416dda4258dbd80,ea838b724135ff2abaece722160ea79d3c4254258fb489e55542b94faaf9e102,756da1ba09edce716d5bf8770320ca0d5ed4e525672b6bb605b9bdb4b88972ba,5,"{""src/boards.h"":""1ead1dac1b61266e7d9c41c7ef7709d069406c3113b4d632000decd004a9c306"",""src/resources.c"":""69fd0caedbd590cf11662ad9e703760310dab5993f73192459ddd96143006419"",""src/resources.h"":""215bc373c2af909ed77bd36de8a252e4cb0ecf63a4761b39f2d8a9ae513c389f"",""tests/resources_oracle.py"":""ea838b724135ff2abaece722160ea79d3c4254258fb489e55542b94faaf9e102"",""tests/target_oracle.py"":""00860e2554870ea7367646cfa8d71475fc618fd529ca053cba9d11a0415156ee"",""tests/test_resources_differential.py"":""09b9c1528efa82a862ce0edd12d7406afb8a21c74748dacdf416dda4258dbd80""}"
0x004098F0,resource-load-saved-palette,See docs/RESOURCE_OWNER.md; driver behavior and undefined state excluded,69fd0caedbd590cf11662ad9e703760310dab5993f73192459ddd96143006419,215bc373c2af909ed77bd36de8a252e4cb0ecf63a4761b39f2d8a9ae513c389f,09b9c1528efa82a862ce0edd12d7406afb8a21c74748dacdf416dda4258dbd80,ea838b724135ff2abaece722160ea79d3c4254258fb489e55542b94faaf9e102,756da1ba09edce716d5bf8770320ca0d5ed4e525672b6bb605b9bdb4b88972ba,5,"{""src/boards.h"":""1ead1dac1b61266e7d9c41c7ef7709d069406c3113b4d632000decd004a9c306"",""src/resources.c"":""69fd0caedbd590cf11662ad9e703760310dab5993f73192459ddd96143006419"",""src/resources.h"":""215bc373c2af909ed77bd36de8a252e4cb0ecf63a4761b39f2d8a9ae513c389f"",""tests/resources_oracle.py"":""ea838b724135ff2abaece722160ea79d3c4254258fb489e55542b94faaf9e102"",""tests/target_oracle.py"":""00860e2554870ea7367646cfa8d71475fc618fd529ca053cba9d11a0415156ee"",""tests/test_resources_differential.py"":""09b9c1528efa82a862ce0edd12d7406afb8a21c74748dacdf416dda4258dbd80""}"
0x00409BB0,resource-load-pcx,See docs/RESOURCE_OWNER.md; driver behavior and undefined state excluded,69fd0caedbd590cf11662ad9e703760310dab5993f73192459ddd96143006419,215bc373c2af909ed77bd36de8a252e4cb0ecf63a4761b39f2d8a9ae513c389f,09b9c1528efa82a862ce0edd12d7406afb8a21c74748dacdf416dda4258dbd80,ea838b724135ff2abaece722160ea79d3c4254258fb489e55542b94faaf9e102,756da1ba09edce716d5bf8770320ca0d5ed4e525672b6bb605b9bdb4b88972ba,99,"{""src/boards.h"":""1ead1dac1b61266e7d9c41c7ef7709d069406c3113b4d632000decd004a9c306"",""src/resources.c"":""69fd0caedbd590cf11662ad9e703760310dab5993f73192459ddd96143006419"",""src/resources.h"":""215bc373c2af909ed77bd36de8a252e4cb0ecf63a4761b39f2d8a9ae513c389f"",""tests/resources_oracle.py"":""ea838b724135ff2abaece722160ea79d3c4254258fb489e55542b94faaf9e102"",""tests/target_oracle.py"":""00860e2554870ea7367646cfa8d71475fc618fd529ca053cba9d11a0415156ee"",""tests/test_resources_differential.py"":""09b9c1528efa82a862ce0edd12d7406afb8a21c74748dacdf416dda4258dbd80""}"
0x0040CC30,board-io,path/open/read boundaries,9b1e2a6596b0f7ee5d2167a6007ca1e1044b552439d486eb70f3a0ee74187336,1ead1dac1b61266e7d9c41c7ef7709d069406c3113b4d632000decd004a9c306,56c813cf8170b91175299114245586c374ba9e98095a82f0aee0e7227fd5e85d,00860e2554870ea7367646cfa8d71475fc618fd529ca053cba9d11a0415156ee,756da1ba09edce716d5bf8770320ca0d5ed4e525672b6bb605b9bdb4b88972ba,10,"{""src/boards.c"":""9b1e2a6596b0f7ee5d2167a6007ca1e1044b552439d486eb70f3a0ee74187336"",""src/boards.h"":""1ead1dac1b61266e7d9c41c7ef7709d069406c3113b4d632000decd004a9c306"",""tests/target_oracle.py"":""00860e2554870ea7367646cfa8d71475fc618fd529ca053cba9d11a0415156ee"",""tests/test_boards_differential.py"":""56c813cf8170b91175299114245586c374ba9e98095a82f0aee0e7227fd5e85d""}"
0x0040CC90,board-io,path/open/write boundaries,9b1e2a6596b0f7ee5d2167a6007ca1e1044b552439d486eb70f3a0ee74187336,1ead1dac1b61266e7d9c41c7ef7709d069406c3113b4d632000decd004a9c306,56c813cf8170b91175299114245586c374ba9e98095a82f0aee0e7227fd5e85d,00860e2554870ea7367646cfa8d71475fc618fd529ca053cba9d11a0415156ee,756da1ba09edce716d5bf8770320ca0d5ed4e525672b6bb605b9bdb4b88972ba,10,"{""src/boards.c"":""9b1e2a6596b0f7ee5d2167a6007ca1e1044b552439d486eb70f3a0ee74187336"",""src/boards.h"":""1ead1dac1b61266e7d9c41c7ef7709d069406c3113b4d632000decd004a9c306"",""tests/target_oracle.py"":""00860e2554870ea7367646cfa8d71475fc618fd529ca053cba9d11a0415156ee"",""tests/test_boards_differential.py"":""56c813cf8170b91175299114245586c374ba9e98095a82f0aee0e7227fd5e85d""}"
0x0040CCF0,tile-sprite,tile 0..22 only,9b1e2a6596b0f7ee5d2167a6007ca1e1044b552439d486eb70f3a0ee74187336,1ead1dac1b61266e7d9c41c7ef7709d069406c3113b4d632000decd004a9c306,56c813cf8170b91175299114245586c374ba9e98095a82f0aee0e7227fd5e85d,00860e2554870ea7367646cfa8d71475fc618fd529ca053cba9d11a0415156ee,756da1ba09edce716d5bf8770320ca0d5ed4e525672b6bb605b9bdb4b88972ba,23,"{""src/boards.c"":""9b1e2a6596b0f7ee5d2167a6007ca1e1044b552439d486eb70f3a0ee74187336"",""src/boards.h"":""1ead1dac1b61266e7d9c41c7ef7709d069406c3113b4d632000decd004a9c306"",""tests/target_oracle.py"":""00860e2554870ea7367646cfa8d71475fc618fd529ca053cba9d11a0415156ee"",""tests/test_boards_differential.py"":""56c813cf8170b91175299114245586c374ba9e98095a82f0aee0e7227fd5e85d""}"
0x0040CEA0,board-copy,board 0..49,9b1e2a6596b0f7ee5d2167a6007ca1e1044b552439d486eb70f3a0ee74187336,1ead1dac1b61266e7d9c41c7ef7709d069406c3113b4d632000decd004a9c306,56c813cf8170b91175299114245586c374ba9e98095a82f0aee0e7227fd5e85d,00860e2554870ea7367646cfa8d71475fc618fd529ca053cba9d11a0415156ee,756da1ba09edce716d5bf8770320ca0d5ed4e525672b6bb605b9bdb4b88972ba,150,"{""src/boards.c"":""9b1e2a6596b0f7ee5d2167a6007ca1e1044b552439d486eb70f3a0ee74187336"",""src/boards.h"":""1ead1dac1b61266e7d9c41c7ef7709d069406c3113b4d632000decd004a9c306"",""tests/target_oracle.py"":""00860e2554870ea7367646cfa8d71475fc618fd529ca053cba9d11a0415156ee"",""tests/test_boards_differential.py"":""56c813cf8170b91175299114245586c374ba9e98095a82f0aee0e7227fd5e85d""}"
0x0040CEE0,board-copy,board 0..49,9b1e2a6596b0f7ee5d2167a6007ca1e1044b552439d486eb70f3a0ee74187336,1ead1dac1b61266e7d9c41c7ef7709d069406c3113b4d632000decd004a9c306,56c813cf8170b91175299114245586c374ba9e98095a82f0aee0e7227fd5e85d,00860e2554870ea7367646cfa8d71475fc618fd529ca053cba9d11a0415156ee,756da1ba09edce716d5bf8770320ca0d5ed4e525672b6bb605b9bdb4b88972ba,150,"{""src/boards.c"":""9b1e2a6596b0f7ee5d2167a6007ca1e1044b552439d486eb70f3a0ee74187336"",""src/boards.h"":""1ead1dac1b61266e7d9c41c7ef7709d069406c3113b4d632000decd004a9c306"",""tests/target_oracle.py"":""00860e2554870ea7367646cfa8d71475fc618fd529ca053cba9d11a0415156ee"",""tests/test_boards_differential.py"":""56c813cf8170b91175299114245586c374ba9e98095a82f0aee0e7227fd5e85d""}"
0x00411930,board-copy,board index 0..49,9b1e2a6596b0f7ee5d2167a6007ca1e1044b552439d486eb70f3a0ee74187336,1ead1dac1b61266e7d9c41c7ef7709d069406c3113b4d632000decd004a9c306,56c813cf8170b91175299114245586c374ba9e98095a82f0aee0e7227fd5e85d,00860e2554870ea7367646cfa8d71475fc618fd529ca053cba9d11a0415156ee,756da1ba09edce716d5bf8770320ca0d5ed4e525672b6bb605b9bdb4b88972ba,150,"{""src/boards.c"":""9b1e2a6596b0f7ee5d2167a6007ca1e1044b552439d486eb70f3a0ee74187336"",""src/boards.h"":""1ead1dac1b61266e7d9c41c7ef7709d069406c3113b4d632000decd004a9c306"",""tests/target_oracle.py"":""00860e2554870ea7367646cfa8d71475fc618fd529ca053cba9d11a0415156ee"",""tests/test_boards_differential.py"":""56c813cf8170b91175299114245586c374ba9e98095a82f0aee0e7227fd5e85d""}"
0x00411970,board-render,valid grid; rendering call trace,9b1e2a6596b0f7ee5d2167a6007ca1e1044b552439d486eb70f3a0ee74187336,1ead1dac1b61266e7d9c41c7ef7709d069406c3113b4d632000decd004a9c306,56c813cf8170b91175299114245586c374ba9e98095a82f0aee0e7227fd5e85d,00860e2554870ea7367646cfa8d71475fc618fd529ca053cba9d11a0415156ee,756da1ba09edce716d5bf8770320ca0d5ed4e525672b6bb605b9bdb4b88972ba,9319,"{""src/boards.c"":""9b1e2a6596b0f7ee5d2167a6007ca1e1044b552439d486eb70f3a0ee74187336"",""src/boards.h"":""1ead1dac1b61266e7d9c41c7ef7709d069406c3113b4d632000decd004a9c306"",""tests/target_oracle.py"":""00860e2554870ea7367646cfa8d71475fc618fd529ca053cba9d11a0415156ee"",""tests/test_boards_differential.py"":""56c813cf8170b91175299114245586c374ba9e98095a82f0aee0e7227fd5e85d""}"
0x004119F0,board-render,x/y 0..19; tile bytes 0..255; rendering call trace,9b1e2a6596b0f7ee5d2167a6007ca1e1044b552439d486eb70f3a0ee74187336,1ead1dac1b61266e7d9c41c7ef7709d069406c3113b4d632000decd004a9c306,56c813cf8170b91175299114245586c374ba9e98095a82f0aee0e7227fd5e85d,00860e2554870ea7367646cfa8d71475fc618fd529ca053cba9d11a0415156ee,756da1ba09edce716d5bf8770320ca0d5ed4e525672b6bb605b9bdb4b88972ba,9319,"{""src/boards.c"":""9b1e2a6596b0f7ee5d2167a6007ca1e1044b552439d486eb70f3a0ee74187336"",""src/boards.h"":""1ead1dac1b61266e7d9c41c7ef7709d069406c3113b4d632000decd004a9c306"",""tests/target_oracle.py"":""00860e2554870ea7367646cfa8d71475fc618fd529ca053cba9d11a0415156ee"",""tests/test_boards_differential.py"":""56c813cf8170b91175299114245586c374ba9e98095a82f0aee0e7227fd5e85d""}"
